species	seqid	cyp_gene	gene_start	gene_end	window_start	window_end	te_start	te_end	te_length_bp	repeat_family	repeat_class	pct_divergence	bp_outside_window	relation_to_gene
ananassae	NC_057927.1	Cyp313a5,Cyp313a2,Cyp313a3,Cyp313a1	4266690	4268660	4263690	4271660	4270106	4276444	6339	ltr-1_family-11	LTR/Pao	0.5	4784	downstream flank
ananassae	NC_057932.1	Cyp4g15	16531271	16538580	16528271	16541580	16541185	16543332	2148	rnd-1_family-490	Unknown	24.5	1752	downstream flank
ananassae	NC_057929.1	Cyp6g1	5465187	5467756	5462187	5470756	5461814	5463942	2129	rnd-4_family-78	DNA/hAT-Ac	24.9	373	upstream flank
ananassae	NC_057931.1	Cyp311a1	7428532	7430217	7425532	7433217	7424865	7426760	1896	rnd-1_family-490	Unknown	23.6	667	upstream flank
ananassae	NC_057930.1	Cyp309a1,Cyp309a2	6846150	6860529	6843150	6863529	6863516	6865308	1793	rnd-1_family-520	RC/Helentron	2.0	1779	downstream flank
ananassae	NC_057927.1	Cyp313b1	18848524	18851272	18845524	18854272	18844364	18845693	1330	rnd-1_family-575	Unknown	20.9	1160	upstream flank
ananassae	NC_057932.1	Cyp6v1	19664491	19668777	19661491	19671777	19670951	19672190	1240	rnd-1_family-490	Unknown	21.5	413	downstream flank
ananassae	NC_057929.1	Cyp6a13	1618068	1619686	1615068	1622686	1614164	1615380	1217	rnd-1_family-490	Unknown	23.1	904	upstream flank
ananassae	NC_057929.1	Cyp9b1,Cyp9b2	3337881	3339957	3334881	3342957	3333959	3335108	1150	rnd-1_family-25	LINE/CR1	1.6	922	upstream flank
ananassae	NC_057927.1	Cyp4c3	26037247	26044103	26034247	26047103	26046943	26047420	478	rnd-1_family-520	RC/Helentron	8.7	317	downstream flank
ananassae	NC_057930.1	Cyp309a1,Cyp309a2	6860783	6866998	6857783	6869998	6857539	6857829	291	rnd-4_family-1638	Unknown	7.6	244	upstream flank
ananassae	NC_057931.1	Cyp28c1	6753439	6756187	6750439	6759187	6759044	6759219	176	rnd-4_family-107	LINE/R1	23.9	32	downstream flank
ananassae	NC_057931.1	Cyp28c1	6753439	6756187	6750439	6759187	6750373	6750505	133	(GTG)n	Simple_repeat	26.0	66	upstream flank
ananassae	NC_057931.1	Cyp318a1	7421642	7424619	7418642	7427619	7418618	7418718	101	rnd-4_family-169	Unknown	15.7	24	upstream flank
ananassae	NC_057928.1	Cyp4d8	10686972	10689522	10683972	10692522	10683945	10684032	88	rnd-1_family-101	Unknown	15.5	27	upstream flank
ananassae	NC_057930.1	Cyp309a1,Cyp309a2	6846150	6860529	6843150	6863529	6863501	6863567	67	rnd-1_family-525	Unknown	18.2	38	downstream flank
ananassae	NC_057927.1	Cyp6d5	20778704	20779613	20775704	20782613	20775658	20775709	52	(TGCG)n	Simple_repeat	24.6	46	upstream flank
ananassae	NC_057929.1	Cyp4p1,Cyp4p2,Cyp4p3	8569967	8572054	8566967	8575054	8566933	8566981	49	(CAGGACCAG)n	Simple_repeat	6.4	34	upstream flank
ananassae	NC_057931.1	Cyp311a1	7428532	7430217	7425532	7433217	7433211	7433235	25	(GT)n	Simple_repeat	0.0	18	downstream flank
sechellia	NC_045954.1	Cyp4g15	11233902	11239996	11230902	11242996	11230179	11231596	1418	rnd-1_family-260	Satellite	25.3	723	upstream flank
sechellia	NC_045950.1	Cyp4p1,Cyp4p2,Cyp4p3	5480713	5483134	5477713	5486134	5477237	5477738	502	rnd-1_family-13	LINE/I-Jockey	1.6	476	upstream flank
sechellia	NC_045954.1	Cyp28c1	11545391	11547799	11542391	11550799	11550663	11550920	258	rnd-4_family-271	LINE/I-Jockey	25.4	121	downstream flank
sechellia	NC_045950.1	Cyp9b1,Cyp9b2	3423695	3425751	3420695	3428751	3420663	3420724	62	A-rich	Low_complexity	16.8	32	upstream flank
sechellia	NC_045950.1	Cyp6a2	3073857	3077410	3070857	3080410	3080384	3080440	57	(TGATTG)n	Simple_repeat	11.3	30	downstream flank
sechellia	NC_045954.1	Cyp6t1	21609028	21610928	21606028	21613928	21606021	21606059	39	(TGGTTC)n	Simple_repeat	2.6	7	upstream flank
sechellia	NC_045954.1	Cyp4d1	2063508	2066520	2060508	2069520	2060482	2060510	29	(GA)n	Simple_repeat	0.0	26	upstream flank
simulans	NC_052523.2	Cyp6d4	18914881	18916845	18911881	18919845	18918443	18925852	7410	ltr-1_family-49	LTR/Gypsy	0.1	6007	downstream flank
simulans	NC_052521.2	Cyp6d2	19801083	19803015	19798083	19806015	19805763	19811042	5280	rnd-1_family-184	LINE/I	0.6	5027	downstream flank
simulans	NC_052521.2	Cyp6g1	9498355	9501071	9495355	9504071	9493385	9497705	4321	rnd-1_family-151	LINE/I-Jockey	3.9	1970	upstream flank
simulans	NC_052525.2	Cyp4g15	11011218	11017460	11008218	11020460	11007941	11008954	1014	rnd-2_family-45	Satellite	14.2	277	upstream flank
simulans	NC_052525.2	Cyp311a1	11515876	11517611	11512876	11520611	11520590	11520698	109	(AATAGCTG)n	Simple_repeat	6.7	87	downstream flank
simulans	NC_052521.2	Cyp4p1,Cyp4p2,Cyp4p3	6604060	6608500	6601060	6611500	6601021	6601123	103	rnd-4_family-10951	RC/Helentron	19.5	39	upstream flank
simulans	NC_052525.2	Cyp4d1	1940568	1943634	1937568	1946634	1937475	1937568	94	GA-rich	Low_complexity	25.5	93	upstream flank
simulans	NC_052525.2	Cyp18a1	18158433	18162929	18155433	18165929	18155429	18155507	79	(TATGGTA)n	Simple_repeat	19.9	4	upstream flank
simulans	NC_052521.2	Cyp6d2	19801083	19803015	19798083	19806015	19798075	19798147	73	rnd-4_family-233	Unknown	6.8	8	upstream flank
simulans	NC_052521.2	Cyp6a19	12158911	12160836	12155911	12163836	12155889	12155936	48	(TTAT)n	Simple_repeat	23.7	22	upstream flank
simulans	NC_052525.2	Cyp6t1	20965819	20967782	20962819	20970782	20962781	20962819	39	(TGGTTC)n	Simple_repeat	2.6	38	upstream flank
simulans	NC_052521.2	Cyp4p1,Cyp4p2,Cyp4p3	6601334	6603817	6598334	6606817	6598327	6598360	34	(ACAG)n	Simple_repeat	6.6	7	upstream flank
